month,month_no,bidding_no,vehicle_class,quota,bids_success,bids_received,premium
2010-01,01,1,1,1152,1145,1342,18502
2010-01,01,1,2,687,679,883,19190
2010-01,01,1,3,173,173,265,19001
2010-01,01,1,4,373,365,509,889
2010-01,01,1,5,586,567,1011,19889
2010-01,01,2,1,1151,1149,1673,20501
2010-01,01,2,2,717,717,1105,22400
2010-01,01,2,3,181,173,280,20090
2010-01,01,2,4,378,378,551,852
2010-01,01,2,5,588,579,1322,21899
2010-02,02,1,1,1154,1153,1326,19989
2010-02,02,1,2,693,690,930,23180
2010-02,02,1,3,165,162,250,21390
2010-02,02,1,4,371,349,525,852
2010-02,02,1,5,601,596,1069,22401
2010-02,02,2,1,1148,1148,1493,20340
2010-02,02,2,2,685,658,956,23889
2010-02,02,2,3,173,170,285,23501
2010-02,02,2,4,363,355,472,1001
2010-02,02,2,5,590,587,1255,24229
2010-03,03,1,1,1148,1141,1758,20802
2010-03,03,1,2,688,667,1087,26389
2010-03,03,1,3,168,164,257,27001
2010-03,03,1,4,385,383,467,1159
2010-03,03,1,5,587,575,1184,27590
2010-03,03,2,1,1146,1137,2183,28389
2010-03,03,2,2,711,699,1207,36089
2010-03,03,2,3,168,141,341,32890
2010-03,03,2,4,371,368,495,1200
2010-03,03,2,5,584,554,1507,42001
2010-04,04,1,1,705,597,1379,34001
2010-04,04,1,2,571,571,858,45501
2010-04,04,1,3,180,167,329,36511
2010-04,04,1,4,338,334,409,1221
2010-04,04,1,5,372,328,856,49000
2010-04,04,2,1,706,704,1242,30000
2010-04,04,2,2,561,549,896,40001
2010-04,04,2,3,203,203,298,35556
2010-04,04,2,4,339,311,383,1253
2010-04,04,2,5,390,383,709,43003
2010-05,05,1,1,806,798,1294,26102
2010-05,05,1,2,550,547,869,38000
2010-05,05,1,3,189,187,329,32501
2010-05,05,1,4,340,317,415,1252
2010-05,05,1,5,404,403,857,39002
2010-05,05,2,1,699,697,1036,27389
2010-05,05,2,2,561,553,715,34600
2010-05,05,2,3,176,170,296,29389
2010-05,05,2,4,364,360,468,1312
2010-05,05,2,5,367,365,608,39000
2010-06,06,1,1,706,704,1107,30051
2010-06,06,1,2,553,546,779,40002
2010-06,06,1,3,178,177,273,30189
2010-06,06,1,4,359,344,504,1452
2010-06,06,1,5,361,322,639,41000
2010-06,06,2,1,699,697,902,31510
2010-06,06,2,2,557,554,720,39911
2010-06,06,2,3,182,175,253,31689
2010-06,06,2,4,340,339,376,1454
2010-06,06,2,5,362,359,682,41006
2010-07,07,1,1,700,676,893,29501
2010-07,07,1,2,557,557,671,35909
2010-07,07,1,3,177,176,277,31389
2010-07,07,1,4,351,347,476,1320
2010-07,07,1,5,399,399,660,41010
2010-07,07,2,1,699,691,967,36162
2010-07,07,2,2,552,548,890,42889
2010-07,07,2,3,183,182,285,30601
2010-07,07,2,4,337,334,372,1290
2010-07,07,2,5,363,357,725,43565
2010-08,08,1,1,622,589,786,32104
2010-08,08,1,2,479,479,662,43334
2010-08,08,1,3,205,205,284,30112
2010-08,08,1,4,336,326,384,1301
2010-08,08,1,5,309,308,594,42901
2010-08,08,2,1,606,606,975,29000
2010-08,08,2,2,482,472,683,42810
2010-08,08,2,3,206,205,275,30002
2010-08,08,2,4,335,330,369,1251
2010-08,08,2,5,315,315,583,43501
2010-09,09,1,1,631,628,775,33089
2010-09,09,1,2,479,479,757,44129
2010-09,09,1,3,204,190,291,33000
2010-09,09,1,4,342,329,453,1502
2010-09,09,1,5,310,308,460,44001
2010-09,09,2,1,597,547,993,30001
2010-09,09,2,2,488,488,648,42501
2010-09,09,2,3,206,201,271,31001
2010-09,09,2,4,338,337,364,1452
2010-09,09,2,5,309,307,520,43290
2010-10,10,1,1,601,601,722,33132
2010-10,10,1,2,479,476,630,42801
2010-10,10,1,3,218,217,287,30889
2010-10,10,1,4,345,320,422,1502
2010-10,10,1,5,311,304,518,44090
2010-10,10,2,1,647,647,817,32415
2010-10,10,2,2,479,478,766,44600
2010-10,10,2,3,210,210,287,30511
2010-10,10,2,4,333,304,430,1689
2010-10,10,2,5,311,287,455,44900
2010-11,11,1,1,598,598,843,34001
2010-11,11,1,2,482,482,718,45501
2010-11,11,1,3,205,201,270,31006
2010-11,11,1,4,357,352,414,1452
2010-11,11,1,5,316,312,497,46001
2010-11,11,2,1,597,577,833,39000
2010-11,11,2,2,480,459,709,47890
2010-11,11,2,3,205,202,241,31202
2010-11,11,2,4,361,324,424,1502
2010-11,11,2,5,333,332,634,49890
2010-12,12,1,1,598,582,1020,47604
2010-12,12,1,2,479,477,1034,62502
2010-12,12,1,3,208,207,294,32001
2010-12,12,1,4,337,329,410,1701
2010-12,12,1,5,313,313,674,64900
2010-12,12,2,1,617,607,755,46129
2010-12,12,2,2,499,494,872,72001
2010-12,12,2,3,208,205,300,33501
2010-12,12,2,4,369,362,406,1551
2010-12,12,2,5,311,302,463,76102
2011-01,01,1,1,614,602,1192,38889
2011-01,01,1,2,481,474,790,69000
2011-01,01,1,3,205,205,294,35111
2011-01,01,1,4,340,337,398,1503
2011-01,01,1,5,309,305,475,75789
2011-01,01,2,1,607,606,1091,40123
2011-01,01,2,2,483,482,700,58910
2011-01,01,2,3,207,196,272,30000
2011-01,01,2,4,339,335,458,1690
2011-01,01,2,5,319,312,433,67009
2011-02,02,1,1,523,501,1146,37124
2011-02,02,1,2,431,431,640,53400
2011-02,02,1,3,275,275,356,28589
2011-02,02,1,4,328,328,417,1819
2011-02,02,1,5,333,326,648,58890
2011-02,02,2,1,511,494,788,42999
2011-02,02,2,2,424,423,726,62000
2011-02,02,2,3,287,282,368,29011
2011-02,02,2,4,330,294,461,2001
2011-02,02,2,5,336,335,558,62001
2011-03,03,1,1,532,530,875,42600
2011-03,03,1,2,424,423,667,61894
2011-03,03,1,3,276,276,360,30001
2011-03,03,1,4,325,310,490,2604
2011-03,03,1,5,336,324,574,62010
2011-03,03,2,1,527,472,927,43813
2011-03,03,2,2,424,424,579,57002
2011-03,03,2,3,281,279,371,29690
2011-03,03,2,4,362,362,429,2534
2011-03,03,2,5,330,330,458,59073
2011-04,04,1,1,512,511,813,43212
2011-04,04,1,2,425,410,542,55001
2011-04,04,1,3,276,275,316,28189
2011-04,04,1,4,340,335,500,2490
2011-04,04,1,5,341,340,454,57100
2011-04,04,2,1,565,552,964,44000
2011-04,04,2,2,423,422,627,56801
2011-04,04,2,3,277,269,346,23900
2011-04,04,2,4,326,326,478,2502
2011-04,04,2,5,330,329,484,56001
2011-05,05,1,1,511,511,944,44790
2011-05,05,1,2,439,439,650,56011
2011-05,05,1,3,277,277,366,21889
2011-05,05,1,4,330,328,481,2253
2011-05,05,1,5,330,321,498,56490
2011-05,05,2,1,523,521,760,46989
2011-05,05,2,2,424,424,564,56300
2011-05,05,2,3,283,279,381,22989
2011-05,05,2,4,326,324,486,2013
2011-05,05,2,5,331,322,470,56889
2011-06,06,1,1,510,506,880,53390
2011-06,06,1,2,424,403,759,63000
2011-06,06,1,3,276,276,457,29006
2011-06,06,1,4,327,327,507,2491
2011-06,06,1,5,338,295,530,62000
2011-06,06,2,1,512,512,715,50244
2011-06,06,2,2,423,410,684,67700
2011-06,06,2,3,279,270,391,31089
2011-06,06,2,4,328,322,367,2290
2011-06,06,2,5,339,334,468,65490
2011-07,07,1,1,514,497,839,55989
2011-07,07,1,2,445,444,728,68501
2011-07,07,1,3,276,276,375,32590
2011-07,07,1,4,325,323,369,2360
2011-07,07,1,5,372,342,509,68811
2011-07,07,2,1,510,501,776,56002
2011-07,07,2,2,436,436,626,72501
2011-07,07,2,3,284,281,393,34502
2011-07,07,2,4,332,332,496,2012
2011-07,07,2,5,335,328,459,74490
2011-08,08,1,1,566,566,1034,48801
2011-08,08,1,2,354,349,469,70890
2011-08,08,1,3,241,239,383,34009
2011-08,08,1,4,390,390,470,1890
2011-08,08,1,5,360,360,488,70117
2011-08,08,2,1,557,557,927,49301
2011-08,08,2,2,353,353,527,65521
2011-08,08,2,3,245,237,367,32289
2011-08,08,2,4,387,382,471,1999
2011-08,08,2,5,337,335,516,67000
2011-09,09,1,1,548,547,794,51000
2011-09,09,1,2,359,356,496,63002
2011-09,09,1,3,243,236,328,31900
2011-09,09,1,4,388,382,532,2339
2011-09,09,1,5,330,329,466,65589
2011-09,09,2,1,548,531,951,48006
2011-09,09,2,2,353,353,469,64889
2011-09,09,2,3,250,248,325,30089
2011-09,09,2,4,392,392,492,2109
2011-09,09,2,5,332,332,449,62502
2011-10,10,1,1,549,549,793,50289
2011-10,10,1,2,356,353,524,63600
2011-10,10,1,3,249,247,348,32801
2011-10,10,1,4,394,394,486,2078
2011-10,10,1,5,331,331,452,65058
2011-10,10,2,1,565,554,873,56112
2011-10,10,2,2,353,353,633,75889
2011-10,10,2,3,244,229,354,37011
2011-10,10,2,4,387,380,486,2091
2011-10,10,2,5,330,306,518,73600
2011-11,11,1,1,548,547,766,55997
2011-11,11,1,2,356,355,551,77000
2011-11,11,1,3,244,244,365,40803
2011-11,11,1,4,388,359,429,2012
2011-11,11,1,5,330,311,507,78001
2011-11,11,2,1,559,541,756,54887
2011-11,11,2,2,353,338,518,77340
2011-11,11,2,3,256,248,335,40189
2011-11,11,2,4,394,389,469,1889
2011-11,11,2,5,355,352,496,75889
2011-12,12,1,1,549,543,781,52392
2011-12,12,1,2,354,351,474,72350
2011-12,12,1,3,242,242,334,40009
2011-12,12,1,4,416,415,451,1902
2011-12,12,1,5,349,335,489,74340
2011-12,12,2,1,566,457,878,50001
2011-12,12,2,2,368,368,464,70003
2011-12,12,2,3,249,249,361,39589
2011-12,12,2,4,392,386,456,1481
2011-12,12,2,5,334,285,521,71000
2012-01,01,1,1,554,554,901,46889
2012-01,01,1,2,356,356,511,65801
2012-01,01,1,3,242,239,357,38699
2012-01,01,1,4,388,386,434,1682
2012-01,01,1,5,344,341,530,65700
2012-01,01,2,1,657,652,903,48112
2012-01,01,2,2,353,351,537,67889
2012-01,01,2,3,241,236,405,44001
2012-01,01,2,4,393,390,517,1552
2012-01,01,2,5,380,375,538,67101
2012-02,02,1,1,619,571,1058,52809
2012-02,02,1,2,350,346,635,73890
2012-02,02,1,3,162,158,307,49801
2012-02,02,1,4,412,409,512,1802
2012-02,02,1,5,312,312,425,73801
2012-02,02,2,1,624,607,1017,57009
2012-02,02,2,2,351,348,580,78189
2012-02,02,2,3,164,149,248,52004
2012-02,02,2,4,413,389,509,2012
2012-02,02,2,5,314,296,507,78000
2012-03,03,1,1,667,649,912,56551
2012-03,03,1,2,354,352,626,79304
2012-03,03,1,3,163,159,247,50009
2012-03,03,1,4,413,407,474,1490
2012-03,03,1,5,309,309,492,76881
2012-03,03,2,1,636,626,1067,56501
2012-03,03,2,2,352,352,529,82003
2012-03,03,2,3,174,174,241,51511
2012-03,03,2,4,434,433,584,2000
2012-03,03,2,5,327,327,449,80101
2012-04,04,1,1,637,615,960,58501
2012-04,04,1,2,352,348,483,83700
2012-04,04,1,3,163,163,222,53989
2012-04,04,1,4,416,416,542,1896
2012-04,04,1,5,309,307,413,84590
2012-04,04,2,1,629,618,1011,64201
2012-04,04,2,2,349,349,563,91000
2012-04,04,2,3,160,158,261,57589
2012-04,04,2,4,411,411,526,1924
2012-04,04,2,5,308,295,447,92010
2012-05,05,1,1,641,593,822,62600
2012-05,05,1,2,354,354,545,92050
2012-05,05,1,3,159,159,218,58553
2012-05,05,1,4,410,410,514,2021
2012-05,05,1,5,311,304,457,88990
2012-05,05,2,1,630,617,945,58001
2012-05,05,2,2,349,349,482,85216
2012-05,05,2,3,162,161,205,57106
2012-05,05,2,4,410,410,520,1890
2012-05,05,2,5,321,312,544,86889
2012-06,06,1,1,668,647,1004,59003
2012-06,06,1,2,350,342,490,83000
2012-06,06,1,3,159,155,258,54522
2012-06,06,1,4,410,368,569,1912
2012-06,06,1,5,315,311,526,85889
2012-06,06,2,1,633,577,920,59004
2012-06,06,2,2,349,346,477,85400
2012-06,06,2,3,161,158,242,54502
2012-06,06,2,4,410,393,517,1712
2012-06,06,2,5,317,315,427,84389
2012-07,07,1,1,641,613,872,59421
2012-07,07,1,2,358,358,459,82289
2012-07,07,1,3,164,161,234,55556
2012-07,07,1,4,451,442,592,1760
2012-07,07,1,5,312,295,410,86999
2012-07,07,2,1,676,669,911,68656
2012-07,07,2,2,353,352,549,90501
2012-07,07,2,3,163,162,222,55805
2012-07,07,2,4,426,425,531,1859
2012-07,07,2,5,310,306,429,92700
2012-08,08,1,1,421,415,724,73501
2012-08,08,1,2,350,345,489,94502
2012-08,08,1,3,183,180,241,57001
2012-08,08,1,4,456,453,659,2081
2012-08,08,1,5,260,258,354,95034
2012-08,08,2,1,400,391,530,66889
2012-08,08,2,2,351,351,532,88002
2012-08,08,2,3,181,178,261,59334
2012-08,08,2,4,448,444,535,2013
2012-08,08,2,5,247,238,301,93990
2012-09,09,1,1,399,391,518,68000
2012-09,09,1,2,355,355,466,80191
2012-09,09,1,3,183,177,269,57334
2012-09,09,1,4,450,450,575,1801
2012-09,09,1,5,245,245,349,87999
2012-09,09,2,1,402,402,486,63000
2012-09,09,2,2,351,349,523,88500
2012-09,09,2,3,182,181,230,57809
2012-09,09,2,4,450,434,566,1852
2012-09,09,2,5,252,245,421,89990
2012-10,10,1,1,401,399,506,69000
2012-10,10,1,2,350,350,414,80001
2012-10,10,1,3,186,185,221,56001
2012-10,10,1,4,447,413,631,1912
2012-10,10,1,5,243,242,312,86889
2012-10,10,2,1,393,390,509,71001
2012-10,10,2,2,353,353,540,85801
2012-10,10,2,3,180,180,229,57889
2012-10,10,2,4,463,462,605,1920
2012-10,10,2,5,249,233,371,87000
2012-11,11,1,1,395,393,621,77201
2012-11,11,1,2,350,350,573,92400
2012-11,11,1,3,181,180,268,59111
2012-11,11,1,4,481,478,580,1959
2012-11,11,1,5,244,241,401,92100
2012-11,11,2,1,396,393,540,77291
2012-11,11,2,2,351,342,487,93004
2012-11,11,2,3,179,177,254,60235
2012-11,11,2,4,448,441,523,1689
2012-11,11,2,5,258,250,352,93990
2012-12,12,1,1,395,378,482,78523
2012-12,12,1,2,350,337,493,90200
2012-12,12,1,3,181,168,281,63035
2012-12,12,1,4,450,435,602,1612
2012-12,12,1,5,246,233,329,97000
2012-12,12,2,1,395,378,499,81889
2012-12,12,2,2,360,360,478,93501
2012-12,12,2,3,182,178,242,62201
2012-12,12,2,4,454,440,522,1701
2012-12,12,2,5,250,241,406,95990
2013-01,01,1,1,410,409,555,92100
2013-01,01,1,2,363,363,470,96210
2013-01,01,1,3,193,188,244,60000
2013-01,01,1,4,462,462,523,1933
2013-01,01,1,5,256,256,393,96101
2013-01,01,2,1,409,409,489,91010
2013-01,01,2,2,351,351,452,95501
2013-01,01,2,3,184,184,262,57051
2013-01,01,2,4,461,461,530,1781
2013-01,01,2,5,251,248,344,97889
2013-02,02,1,1,335,333,418,87109
2013-02,02,1,2,302,278,431,92901
2013-02,02,1,3,230,230,316,54989
2013-02,02,1,4,506,502,637,1782
2013-02,02,1,5,238,221,295,94890
2013-02,02,2,1,333,329,427,78301
2013-02,02,2,2,303,299,409,92667
2013-02,02,2,3,225,225,285,53489
2013-02,02,2,4,506,469,589,1512
2013-02,02,2,5,241,200,370,91910
2013-03,03,1,1,336,329,1180,74689
2013-03,03,1,2,326,326,1028,58090
2013-03,03,1,3,225,223,374,53900
2013-03,03,1,4,510,510,669,1895
2013-03,03,1,5,255,248,1036,65001
2013-03,03,2,1,337,337,923,64209
2013-03,03,2,2,307,300,940,73900
2013-03,03,2,3,225,225,312,54111
2013-03,03,2,4,543,543,634,1909
2013-03,03,2,5,279,277,635,73301
2013-04,04,1,1,341,339,966,61029
2013-04,04,1,2,302,287,835,67010
2013-04,04,1,3,227,227,334,56011
2013-04,04,1,4,506,412,680,1812
2013-04,04,1,5,245,244,450,66989
2013-04,04,2,1,333,333,993,62497
2013-04,04,2,2,310,281,683,62000
2013-04,04,2,3,225,218,354,58502
2013-04,04,2,4,506,505,545,1791
2013-04,04,2,5,240,227,421,62000
2013-05,05,1,1,336,329,912,62999
2013-05,05,1,2,317,317,601,61700
2013-05,05,1,3,225,223,312,57051
2013-05,05,1,4,600,595,719,1700
2013-05,05,1,5,239,238,447,62301
2013-05,05,2,1,333,324,888,64839
2013-05,05,2,2,332,329,749,67304
2013-05,05,2,3,233,232,288,56889
2013-05,05,2,4,507,459,642,1663
2013-05,05,2,5,251,239,466,66701
2013-06,06,1,1,341,336,855,67301
2013-06,06,1,2,302,274,732,75000
2013-06,06,1,3,227,226,292,57989
2013-06,06,1,4,511,479,616,1701
2013-06,06,1,5,239,189,534,76000
2013-06,06,2,1,342,341,788,69903
2013-06,06,2,2,305,304,734,81751
2013-06,06,2,3,227,221,289,59001
2013-06,06,2,4,554,534,647,1712
2013-06,06,2,5,251,250,466,83001
2013-07,07,1,1,338,328,716,73100
2013-07,07,1,2,331,325,652,77110
2013-07,07,1,3,226,226,301,61011
2013-07,07,1,4,538,536,679,1610
2013-07,07,1,5,288,284,485,77000
2013-07,07,2,1,334,332,621,73989
2013-07,07,2,2,303,301,574,76389
2013-07,07,2,3,232,226,335,65036
2013-07,07,2,4,526,516,652,1712
2013-07,07,2,5,240,237,425,76802
2013-08,08,1,1,373,371,754,75556
2013-08,08,1,2,380,373,682,77600
2013-08,08,1,3,258,257,364,68251
2013-08,08,1,4,482,481,568,1792
2013-08,08,1,5,264,261,407,77989
2013-08,08,2,1,366,360,596,76223
2013-08,08,2,2,375,371,627,76607
2013-08,08,2,3,263,257,385,71001
2013-08,08,2,4,491,449,615,1722
2013-08,08,2,5,264,264,385,79223
2013-09,09,1,1,366,365,609,77304
2013-09,09,1,2,381,378,623,77100
2013-09,09,1,3,258,254,340,73999
2013-09,09,1,4,481,481,569,1660
2013-09,09,1,5,263,181,431,80000
2013-09,09,2,1,370,361,654,83751
2013-09,09,2,2,377,368,703,86239
2013-09,09,2,3,263,257,321,76001
2013-09,09,2,4,523,521,579,1703
2013-09,09,2,5,261,253,459,87001
2013-10,10,1,1,365,361,615,85000
2013-10,10,1,2,376,373,649,93500
2013-10,10,1,3,261,261,315,76310
2013-10,10,1,4,481,475,567,1961
2013-10,10,1,5,342,330,483,93889
2013-10,10,2,1,373,373,596,76889
2013-10,10,2,2,382,376,515,87910
2013-10,10,2,3,263,262,358,68002
2013-10,10,2,4,482,481,586,1804
2013-10,10,2,5,269,264,337,92289
2013-11,11,1,1,368,368,590,72609
2013-11,11,1,2,376,376,482,84578
2013-11,11,1,3,257,256,427,55503
2013-11,11,1,4,487,487,569,1710
2013-11,11,1,5,273,270,379,89001
2013-11,11,2,1,364,361,650,74991
2013-11,11,2,2,379,375,536,79300
2013-11,11,2,3,258,252,397,55002
2013-11,11,2,4,481,437,543,1712
2013-11,11,2,5,266,259,410,83000
2013-12,12,1,1,364,364,591,73160
2013-12,12,1,2,373,360,549,73010
2013-12,12,1,3,258,257,359,51112
2013-12,12,1,4,481,473,647,1782
2013-12,12,1,5,264,264,365,76901
2013-12,12,2,1,367,363,574,74002
2013-12,12,2,2,377,357,500,75700
2013-12,12,2,3,263,256,338,48001
2013-12,12,2,4,524,501,680,1812
2013-12,12,2,5,268,268,375,77501
2014-01,01,1,1,364,361,623,72369
2014-01,01,1,2,386,377,581,78700
2014-01,01,1,3,258,252,337,48889
2014-01,01,1,4,489,487,542,1989
2014-01,01,1,5,261,244,392,79000
2014-01,01,2,1,368,364,724,72290
2014-01,01,2,2,393,388,512,79000
2014-01,01,2,3,264,249,356,50001
2014-01,01,2,4,503,503,796,2704
2014-01,01,2,5,261,259,373,78810
2014-02,02,1,1,362,356,719,71564
2014-02,02,1,2,360,360,523,75300
2014-02,02,1,3,267,264,364,51002
2014-02,02,1,4,361,353,550,3051
2014-02,02,1,5,208,205,351,77003
2014-02,02,2,1,362,358,700,77201
2014-02,02,2,2,355,353,519,78604
2014-02,02,2,3,277,273,392,52890
2014-02,02,2,4,360,359,478,3501
2014-02,02,2,5,193,191,321,79000
2014-03,03,1,1,365,356,615,76999
2014-03,03,1,2,350,337,499,80710
2014-03,03,1,3,265,262,439,56302
2014-03,03,1,4,368,340,483,4001
2014-03,03,1,5,193,185,292,82000
2014-03,03,2,1,362,360,577,78602
2014-03,03,2,2,353,352,524,82900
2014-03,03,2,3,266,256,356,53891
2014-03,03,2,4,360,355,449,4289
2014-03,03,2,5,193,192,293,84001
2014-04,04,1,1,367,360,537,77400
2014-04,04,1,2,363,363,523,84504
2014-04,04,1,3,265,261,303,49503
2014-04,04,1,4,388,388,520,4489
2014-04,04,1,5,199,197,283,84100
2014-04,04,2,1,361,357,513,71335
2014-04,04,2,2,351,349,486,75010
2014-04,04,2,3,272,266,392,32890
2014-04,04,2,4,365,350,492,4502
2014-04,04,2,5,192,192,310,73810
2014-05,05,1,1,513,512,676,60002
2014-05,05,1,2,483,472,778,70002
2014-05,05,1,3,389,389,715,36301
2014-05,05,1,4,343,340,445,4001
2014-05,05,1,5,295,295,525,65501
2014-05,05,2,1,509,506,997,65689
2014-05,05,2,2,484,477,716,68103
2014-05,05,2,3,392,386,709,40889
2014-05,05,2,4,358,316,492,4003
2014-05,05,2,5,294,285,497,67290
2014-06,06,1,1,507,499,1040,63190
2014-06,06,1,2,494,484,807,67304
2014-06,06,1,3,385,378,617,43001
2014-06,06,1,4,346,346,449,4089
2014-06,06,1,5,293,292,465,67334
2014-06,06,2,1,509,506,1040,61899
2014-06,06,2,2,490,475,716,65700
2014-06,06,2,3,391,385,597,42001
2014-06,06,2,4,385,381,503,3890
2014-06,06,2,5,302,276,434,65301
2014-07,07,1,1,513,511,1075,61990
2014-07,07,1,2,493,491,812,64889
2014-07,07,1,3,392,383,653,43390
2014-07,07,1,4,344,343,415,4001
2014-07,07,1,5,294,288,441,63001
2014-07,07,2,1,509,505,1190,62890
2014-07,07,2,2,498,497,850,65001
2014-07,07,2,3,391,391,779,52010
2014-07,07,2,4,347,341,410,4252
2014-07,07,2,5,319,317,483,65002
2014-08,08,1,1,574,574,1086,64600
2014-08,08,1,2,507,501,1090,68689
2014-08,08,1,3,267,267,519,54009
2014-08,08,1,4,316,315,360,4353
2014-08,08,1,5,245,243,429,69001
2014-08,08,2,1,575,574,994,65710
2014-08,08,2,2,506,502,1137,72990
2014-08,08,2,3,257,254,427,52390
2014-08,08,2,4,322,317,361,4354
2014-08,08,2,5,241,224,358,72810
2014-09,09,1,1,572,568,813,64841
2014-09,09,1,2,511,511,909,73010
2014-09,09,1,3,258,256,429,49901
2014-09,09,1,4,316,316,382,4453
2014-09,09,1,5,241,235,385,74403
2014-09,09,2,1,573,573,792,62000
2014-09,09,2,2,509,507,785,71990
2014-09,09,2,3,261,252,437,49889
2014-09,09,2,4,320,318,394,4504
2014-09,09,2,5,256,252,395,74801
2014-10,10,1,1,575,570,1097,63880
2014-10,10,1,2,505,501,852,72180
2014-10,10,1,3,259,257,516,57389
2014-10,10,1,4,316,316,502,4800
2014-10,10,1,5,245,236,390,72003
2014-10,10,2,1,572,569,1092,63990
2014-10,10,2,2,507,506,822,72002
2014-10,10,2,3,267,266,416,61000
2014-10,10,2,4,317,310,431,4412
2014-10,10,2,5,242,242,335,72201
2014-11,11,1,1,703,692,1196,64900
2014-11,11,1,2,574,559,832,70890
2014-11,11,1,3,143,143,257,63701
2014-11,11,1,4,316,315,380,4290
2014-11,11,1,5,272,271,403,71300
2014-11,11,2,1,701,694,1144,67889
2014-11,11,2,2,570,560,900,72890
2014-11,11,2,3,142,134,260,65001
2014-11,11,2,4,324,322,389,4189
2014-11,11,2,5,263,263,382,73900
2014-12,12,1,1,709,703,996,67089
2014-12,12,1,2,584,582,873,74389
2014-12,12,1,3,141,126,196,60001
2014-12,12,1,4,318,314,392,4210
2014-12,12,1,5,265,257,370,76904
2014-12,12,2,1,705,699,868,65889
2014-12,12,2,2,579,572,755,74000
2014-12,12,2,3,149,149,268,52100
2014-12,12,2,4,319,270,367,4312
2014-12,12,2,5,264,264,446,73990
2015-01,01,1,1,704,698,940,66010
2015-01,01,1,2,571,570,833,75289
2015-01,01,1,3,156,155,296,55011
2015-01,01,1,4,321,319,374,4403
2015-01,01,1,5,272,265,386,75200
2015-01,01,2,1,705,703,1068,65001
2015-01,01,2,2,576,576,915,76889
2015-01,01,2,3,140,139,247,55012
2015-01,01,2,4,366,360,509,4889
2015-01,01,2,5,264,246,431,76790
2015-02,02,1,1,992,991,1295,62002
2015-02,02,1,2,724,723,959,70890
2015-02,02,1,3,185,183,311,52101
2015-02,02,1,4,287,283,384,5504
2015-02,02,1,5,181,181,288,71921
2015-02,02,2,1,988,988,1294,57199
2015-02,02,2,2,722,721,1037,66751
2015-02,02,2,3,185,185,333,53202
2015-02,02,2,4,291,290,396,5800
2015-02,02,2,5,193,193,373,67901
2015-03,03,1,1,987,986,2120,61410
2015-03,03,1,2,723,723,1239,68668
2015-03,03,1,3,186,183,315,56501
2015-03,03,1,4,289,288,343,5501
2015-03,03,1,5,175,162,322,70500
2015-03,03,2,1,987,987,2251,64700
2015-03,03,2,2,723,717,1354,71889
2015-03,03,2,3,184,175,345,59999
2015-03,03,2,4,286,286,385,5610
2015-03,03,2,5,174,172,290,72100
2015-04,04,1,1,988,970,2340,67749
2015-04,04,1,2,722,716,1661,76612
2015-04,04,1,3,188,183,290,64001
2015-04,04,1,4,286,278,442,6312
2015-04,04,1,5,187,165,311,78000
2015-04,04,2,1,987,979,2055,67601
2015-04,04,2,2,728,708,1525,78001
2015-04,04,2,3,194,192,284,53001
2015-04,04,2,4,285,277,376,6801
2015-04,04,2,5,176,163,331,79500
2015-05,05,1,1,1444,1438,2891,68589
2015-05,05,1,2,934,934,1631,77600
2015-05,05,1,3,373,370,545,50098
2015-05,05,1,4,334,321,462,6512
2015-05,05,1,5,292,290,445,78004
2015-05,05,2,1,1434,1431,2351,66590
2015-05,05,2,2,948,948,1401,75002
2015-05,05,2,3,370,365,546,52001
2015-05,05,2,4,334,298,433,6501
2015-05,05,2,5,283,281,364,78001
2015-06,06,1,1,1432,1393,1943,66000
2015-06,06,1,2,929,923,1384,75000
2015-06,06,1,3,371,369,508,50900
2015-06,06,1,4,339,336,430,6509
2015-06,06,1,5,272,267,392,75801
2015-06,06,2,1,1429,1421,1766,61000
2015-06,06,2,2,928,926,1144,71509
2015-06,06,2,3,373,370,481,50502
2015-06,06,2,4,363,359,448,6401
2015-06,06,2,5,272,269,373,74501
2015-07,07,1,1,1466,1464,1891,58700
2015-07,07,1,2,934,933,1225,65501
2015-07,07,1,3,370,370,476,50001
2015-07,07,1,4,330,328,425,6508
2015-07,07,1,5,274,272,411,69001
2015-07,07,2,1,1435,1365,1966,55889
2015-07,07,2,2,930,929,1218,58109
2015-07,07,2,3,371,371,455,50002
2015-07,07,2,4,331,320,486,6312
2015-07,07,2,5,272,270,441,60101
2015-08,08,1,1,1688,1687,2446,56209
2015-08,08,1,2,1057,1054,1634,60789
2015-08,08,1,3,183,183,263,49302
2015-08,08,1,4,356,356,418,6201
2015-08,08,1,5,363,361,607,57885
2015-08,08,2,1,1756,1756,2597,57498
2015-08,08,2,2,1058,1056,1551,62140
2015-08,08,2,3,182,182,282,46501
2015-08,08,2,4,366,319,527,6112
2015-08,08,2,5,363,356,609,61001
2015-09,09,1,1,1688,1688,2553,57089
2015-09,09,1,2,1059,1058,1628,62101
2015-09,09,1,3,182,182,371,46801
2015-09,09,1,4,355,310,473,6512
2015-09,09,1,5,363,358,580,61010
2015-09,09,2,1,1687,1684,2276,55399
2015-09,09,2,2,1058,1041,1371,60001
2015-09,09,2,3,182,172,356,45289
2015-09,09,2,4,402,402,509,6158
2015-09,09,2,5,368,368,542,61300
2015-10,10,1,1,1687,1679,2210,56001
2015-10,10,1,2,1057,1044,1373,58190
2015-10,10,1,3,182,181,331,44890
2015-10,10,1,4,400,398,438,6201
2015-10,10,1,5,366,360,582,58801
2015-10,10,2,1,1690,1684,2229,57301
2015-10,10,2,2,1073,1069,1367,59889
2015-10,10,2,3,192,186,340,42303
2015-10,10,2,4,355,353,430,6302
2015-10,10,2,5,361,356,584,60000
2015-11,11,1,1,1664,1623,2009,56001
2015-11,11,1,2,1037,1031,1267,57501
2015-11,11,1,3,241,240,372,43809
2015-11,11,1,4,329,301,402,5912
2015-11,11,1,5,367,363,505,60689
2015-11,11,2,1,1662,1650,2140,59200
2015-11,11,2,2,1029,1026,1388,61103
2015-11,11,2,3,247,244,389,45890
2015-11,11,2,4,329,324,436,6502
2015-11,11,2,5,365,365,519,62019
2015-12,12,1,1,1698,1696,2132,56989
2015-12,12,1,2,1031,1028,1324,60001
2015-12,12,1,3,241,236,345,48101
2015-12,12,1,4,355,354,414,6501
2015-12,12,1,5,364,362,495,60003
2015-12,12,2,1,1669,1667,1978,54301
2015-12,12,2,2,1027,1025,1200,55001
2015-12,12,2,3,244,243,311,46001
2015-12,12,2,4,332,332,394,6600
2015-12,12,2,5,360,360,512,57501
2016-01,01,1,1,1659,1649,2013,45002
2016-01,01,1,2,1027,1019,1262,54920
2016-01,01,1,3,246,245,353,42036
2016-01,01,1,4,328,317,409,6889
2016-01,01,1,5,362,361,498,55089
2016-01,01,2,1,1659,1638,3437,51301
2016-01,01,2,2,1026,1026,1334,50089
2016-01,01,2,3,242,239,387,46502
2016-01,01,2,4,327,322,415,6512
2016-01,01,2,5,360,350,713,51000
2016-02,02,1,1,2038,2033,2972,46651
2016-02,02,1,2,1216,1216,1624,38610
2016-02,02,1,3,164,164,229,45036
2016-02,02,1,4,368,368,495,6503
2016-02,02,1,5,446,443,824,44001
2016-02,02,2,1,2049,2025,2965,43000
2016-02,02,2,2,1208,1197,2898,46970
2016-02,02,2,3,165,160,239,45001
2016-02,02,2,4,362,361,454,6353
2016-02,02,2,5,456,450,873,45009
2016-03,03,1,1,2033,1957,3518,45000
2016-03,03,1,2,1209,1200,2706,47604
2016-03,03,1,3,162,160,259,48890
2016-03,03,1,4,357,356,430,6503
2016-03,03,1,5,449,312,951,48002
2016-03,03,2,1,2053,2020,3836,45504
2016-03,03,2,2,1220,1218,2491,46502
2016-03,03,2,3,167,166,226,46502
2016-03,03,2,4,357,356,429,6589
2016-03,03,2,5,452,445,912,46667
2016-04,04,1,1,2105,2103,3719,46009
2016-04,04,1,2,1218,1218,2247,47000
2016-04,04,1,3,164,161,235,44213
2016-04,04,1,4,357,356,455,6503
2016-04,04,1,5,583,346,1397,47510
2016-04,04,2,1,2062,2061,3327,47300
2016-04,04,2,2,1211,1136,2364,49602
2016-04,04,2,3,163,162,241,43002
2016-04,04,2,4,357,341,437,6501
2016-04,04,2,5,453,433,834,49501
2016-05,05,1,1,2218,2217,3446,47889
2016-05,05,1,2,1462,1454,2435,51010
2016-05,05,1,3,232,232,324,42302
2016-05,05,1,4,399,389,519,6302
2016-05,05,1,5,750,728,1380,49000
2016-05,05,2,1,2217,2182,3227,47020
2016-05,05,2,2,1537,1536,2322,49156
2016-05,05,2,3,229,229,355,43002
2016-05,05,2,4,414,389,500,6303
2016-05,05,2,5,534,510,815,49700
2016-06,06,1,1,2218,2213,4545,53694
2016-06,06,1,2,1470,1463,3436,56000
2016-06,06,1,3,228,219,347,46434
2016-06,06,1,4,407,395,529,6302
2016-06,06,1,5,536,533,860,55100
2016-06,06,2,1,2252,2197,3957,55200
2016-06,06,2,2,1463,1462,2914,57010
2016-06,06,2,3,228,226,342,48002
2016-06,06,2,4,422,389,495,6303
2016-06,06,2,5,538,531,1009,57390
2016-07,07,1,1,2222,2212,3194,52301
2016-07,07,1,2,1469,1469,2547,56089
2016-07,07,1,3,237,235,310,47889
2016-07,07,1,4,409,365,525,6012
2016-07,07,1,5,517,517,750,56002
2016-07,07,2,1,2272,2246,3195,53000
2016-07,07,2,2,1463,1463,2439,57508
2016-07,07,2,3,230,225,344,49890
2016-07,07,2,4,430,424,586,6302
2016-07,07,2,5,521,500,821,57501
2016-08,08,1,1,2018,1959,2712,52503
2016-08,08,1,2,1336,1300,2156,57903
2016-08,08,1,3,177,177,245,48302
2016-08,08,1,4,403,400,558,6206
2016-08,08,1,5,429,400,610,58201
2016-08,08,2,1,2034,2034,2803,53334
2016-08,08,2,2,1336,1334,2088,56500
2016-08,08,2,3,180,178,236,48001
2016-08,08,2,4,365,321,541,6352
2016-08,08,2,5,450,450,618,56956
2016-09,09,1,1,2067,2011,2739,51506
2016-09,09,1,2,1372,1358,2183,57002
2016-09,09,1,3,175,175,260,49801
2016-09,09,1,4,362,334,521,6452
2016-09,09,1,5,458,450,723,56889
2016-09,09,2,1,2008,1993,2610,50000
2016-09,09,2,2,1338,1334,2017,55501
2016-09,09,2,3,177,165,237,49890
2016-09,09,2,4,403,402,478,6501
2016-09,09,2,5,429,429,592,55201
2016-10,10,1,1,2064,1979,2938,51507
2016-10,10,1,2,1350,1246,1785,53001
2016-10,10,1,3,176,172,232,48702
2016-10,10,1,4,387,359,498,6353
2016-10,10,1,5,436,435,642,54200
2016-10,10,2,1,2023,2021,2584,50991
2016-10,10,2,2,1340,1329,1768,56410
2016-10,10,2,3,188,187,252,45589
2016-10,10,2,4,360,356,430,6354
2016-10,10,2,5,429,428,678,56340
2016-11,11,1,1,1929,1929,2800,52668
2016-11,11,1,2,1347,1345,2012,56206
2016-11,11,1,3,185,181,283,48001
2016-11,11,1,4,399,396,457,6311
2016-11,11,1,5,401,388,641,56000
2016-11,11,2,1,1846,1846,2536,50951
2016-11,11,2,2,1254,1253,1708,53001
2016-11,11,2,3,182,181,286,49002
2016-11,11,2,4,375,331,520,6212
2016-11,11,2,5,401,397,531,54901
2016-12,12,1,1,1844,1812,2335,48000
2016-12,12,1,2,1245,1237,1494,46229
2016-12,12,1,3,185,183,262,51209
2016-12,12,1,4,374,368,436,6113
2016-12,12,1,5,413,411,643,50010
2016-12,12,2,1,1844,1843,2554,49751
2016-12,12,2,2,1244,1242,2052,51109
2016-12,12,2,3,182,176,274,49500
2016-12,12,2,4,415,408,484,6101
2016-12,12,2,5,404,404,668,50389
2017-01,01,1,1,1877,1870,2260,50101
2017-01,01,1,2,1252,1243,1835,53106
2017-01,01,1,3,183,180,271,46302
2017-01,01,1,4,376,374,438,6053
2017-01,01,1,5,401,394,648,53001
2017-01,01,2,1,1846,1766,2437,50889
2017-01,01,2,2,1246,1226,1967,52807
2017-01,01,2,3,186,173,254,47001
2017-01,01,2,4,377,331,412,6052
2017-01,01,2,5,400,381,662,52600
2017-02,02,1,1,2060,2051,2691,48401
2017-02,02,1,2,1366,1352,1783,48209
2017-02,02,1,3,164,155,268,48901
2017-02,02,1,4,348,326,534,6412
2017-02,02,1,5,488,488,805,48556
2017-02,02,2,1,2133,2089,2926,49430
2017-02,02,2,2,1377,1377,2126,50621
2017-02,02,2,3,174,171,249,49810
2017-02,02,2,4,392,384,753,6801
2017-02,02,2,5,500,483,800,51000
2017-03,03,1,1,2061,2045,3190,50789
2017-03,03,1,2,1371,1368,2298,53300
2017-03,03,1,3,170,170,216,49002
2017-03,03,1,4,368,359,546,7483
2017-03,03,1,5,482,478,763,53001
2017-03,03,2,1,2096,2096,2961,51765
2017-03,03,2,2,1357,1345,2081,54000
2017-03,03,2,3,164,163,251,47036
2017-03,03,2,4,355,354,453,8081
2017-03,03,2,5,499,499,783,54501
2017-04,04,1,1,2068,2061,2486,52000
2017-04,04,1,2,1360,1360,1970,54405
2017-04,04,1,3,162,162,351,45906
2017-04,04,1,4,355,354,482,7589
2017-04,04,1,5,486,485,748,54556
2017-04,04,2,1,2052,2030,2442,51600
2017-04,04,2,2,1369,1365,2000,54406
2017-04,04,2,3,163,162,509,26501
2017-04,04,2,4,347,325,512,6712
2017-04,04,2,5,482,477,712,54616
2017-05,05,1,1,1905,1905,2240,51106
2017-05,05,1,2,1320,1316,1996,55414
2017-05,05,1,3,1084,1078,2586,26029
2017-05,05,1,4,455,433,567,6301
2017-05,05,1,5,529,528,755,55000
2017-05,05,2,1,1920,1913,2601,46489
2017-05,05,2,2,1325,1325,1725,53001
2017-05,05,2,3,1085,1084,2492,30600
2017-05,05,2,4,476,470,602,6101
2017-05,05,2,5,532,506,731,52000
2017-06,06,1,1,1898,1893,2245,45201
2017-06,06,1,2,1325,1324,1582,50110
2017-06,06,1,3,1091,1087,2309,38501
2017-06,06,1,4,476,455,743,6101
2017-06,06,1,5,528,528,878,50526
2017-06,06,2,1,1906,1898,2302,42801
2017-06,06,2,2,1321,1320,1651,47501
2017-06,06,2,3,1086,1085,2125,36879
2017-06,06,2,4,459,360,931,6001
2017-06,06,2,5,553,519,925,48001
2017-07,07,1,1,1904,1902,2296,42801
2017-07,07,1,2,1322,1321,1910,49802
2017-07,07,1,3,1088,1078,2189,40212
2017-07,07,1,4,474,377,819,6001
2017-07,07,1,5,528,521,872,49899
2017-07,07,2,1,1907,1905,2389,44002
2017-07,07,2,2,1322,1314,1784,50001
2017-07,07,2,3,1085,1084,1943,42809
2017-07,07,2,4,552,424,1044,5851
2017-07,07,2,5,562,516,941,50101
2017-08,08,1,1,1817,1812,2403,46778
2017-08,08,1,2,1286,1281,1978,53711
2017-08,08,1,3,454,445,742,42801
2017-08,08,1,4,574,508,879,5701
2017-08,08,1,5,547,545,822,52751
2017-08,08,2,1,1817,1817,2148,42900
2017-08,08,2,2,1293,1290,1683,51000
2017-08,08,2,3,445,436,836,42004
2017-08,08,2,4,605,588,1069,3512
2017-08,08,2,5,586,562,781,50000
2017-09,09,1,1,1820,1806,2195,36001
2017-09,09,1,2,1290,1290,1704,49000
2017-09,09,1,3,453,406,695,43002
2017-09,09,1,4,543,535,871,5402
2017-09,09,1,5,543,543,805,48005
2017-09,09,2,1,1815,1815,3469,42902
2017-09,09,2,2,1288,1288,1859,49189
2017-09,09,2,3,453,453,706,46890
2017-09,09,2,4,494,493,727,5501
2017-09,09,2,5,565,563,905,49012
2017-10,10,1,1,1829,1827,2808,41761
2017-10,10,1,2,1285,1284,1646,48109
2017-10,10,1,3,492,492,723,48902
2017-10,10,1,4,485,484,721,5010
2017-10,10,1,5,540,528,869,49000
2017-10,10,2,1,1815,1809,2391,41617
2017-10,10,2,2,1285,1277,1718,49996
2017-10,10,2,3,445,443,611,51890
2017-10,10,2,4,478,449,687,4903
2017-10,10,2,5,542,539,809,52000
2017-11,11,1,1,1683,1683,3430,47112
2017-11,11,1,2,1376,1375,2515,57414
2017-11,11,1,3,242,200,375,58036
2017-11,11,1,4,509,502,683,5502
2017-11,11,1,5,524,495,867,57000
2017-11,11,2,1,1686,1679,2721,46791
2017-11,11,2,2,1383,1383,2173,57390
2017-11,11,2,3,244,241,356,57701
2017-11,11,2,4,538,533,708,5992
2017-11,11,2,5,516,498,844,57501
2017-12,12,1,1,1680,1667,2158,42339
2017-12,12,1,2,1375,1375,1805,53711
2017-12,12,1,3,285,279,454,42000
2017-12,12,1,4,516,500,791,6552
2017-12,12,1,5,542,537,831,54334
2017-12,12,2,1,1687,1654,1970,38200
2017-12,12,2,2,1374,1367,1634,47002
2017-12,12,2,3,246,232,482,45112
2017-12,12,2,4,514,458,743,7501
2017-12,12,2,5,531,529,1003,48011
2018-01,01,1,1,1693,1693,2264,41400
2018-01,01,1,2,1374,1368,1811,45289
2018-01,01,1,3,249,247,458,40101
2018-01,01,1,4,525,413,919,7701
2018-01,01,1,5,518,518,923,47390
2018-01,01,2,1,1713,1708,1938,36890
2018-01,01,2,2,1381,1380,1654,42661
2018-01,01,2,3,257,247,399,39000
2018-01,01,2,4,565,500,786,8001
2018-01,01,2,5,515,495,817,44000
2018-02,02,1,1,1557,1534,2389,40000
2018-02,02,1,2,1396,1396,1831,42322
2018-02,02,1,3,249,249,486,38303
2018-02,02,1,4,624,608,933,8451
2018-02,02,1,5,566,562,790,39903
2018-02,02,2,1,1562,1561,2073,36810
2018-02,02,2,2,1391,1379,1744,39000
2018-02,02,2,3,257,256,489,36859
2018-02,02,2,4,577,568,1073,7667
2018-02,02,2,5,586,581,1216,38801
2018-03,03,1,1,1580,1572,2405,38830
2018-03,03,1,2,1390,1390,1731,39001
2018-03,03,1,3,247,202,446,36003
2018-03,03,1,4,528,525,885,8009
2018-03,03,1,5,571,525,967,39000
2018-03,03,2,1,1559,1551,2117,38000
2018-03,03,2,2,1402,1374,1639,37010
2018-03,03,2,3,247,234,378,35001
2018-03,03,2,4,522,517,803,7602
2018-03,03,2,5,571,564,977,38000
2018-04,04,1,1,1566,1564,1888,37000
2018-04,04,1,2,1389,1388,1689,37605
2018-04,04,1,3,292,290,500,34001
2018-04,04,1,4,516,483,953,7114
2018-04,04,1,5,612,604,967,38039
2018-04,04,2,1,1566,1566,2027,38510
2018-04,04,2,2,1417,1414,1919,37330
2018-04,04,2,3,260,181,461,34202
2018-04,04,2,4,518,515,727,7115
2018-04,04,2,5,573,571,1027,38389
2018-05,05,1,1,1435,1428,1836,38941
2018-05,05,1,2,1280,1267,2155,38501
2018-05,05,1,3,308,188,611,33190
2018-05,05,1,4,560,515,1171,7204
2018-05,05,1,5,565,562,1008,38600
2018-05,05,2,1,1434,1422,1805,38001
2018-05,05,2,2,1283,1247,1915,37989
2018-05,05,2,3,385,382,786,29901
2018-05,05,2,4,529,529,898,7115
2018-05,05,2,5,558,533,836,38700
2018-06,06,1,1,1441,1440,1696,36426
2018-06,06,1,2,1293,1285,1727,36000
2018-06,06,1,3,425,417,685,29902
2018-06,06,1,4,572,487,828,7001
2018-06,06,1,5,559,525,927,37000
2018-06,06,2,1,1446,1437,1818,34110
2018-06,06,2,2,1316,1311,1729,33900
2018-06,06,2,3,308,293,548,32001
2018-06,06,2,4,527,517,771,6889
2018-06,06,2,5,581,580,868,34400
2018-07,07,1,1,1435,1427,1626,25000
2018-07,07,1,2,1288,1288,1637,31000
2018-07,07,1,3,313,272,535,31092
2018-07,07,1,4,612,587,807,6514
2018-07,07,1,5,591,582,975,31001
2018-07,07,2,1,1443,1412,3100,32699
2018-07,07,2,2,1285,1278,1919,32551
2018-07,07,2,3,320,249,538,30889
2018-07,07,2,4,537,533,772,6189
2018-07,07,2,5,558,558,1082,32809
2018-08,08,1,1,1672,1672,3633,33798
2018-08,08,1,2,1265,1256,2132,34381
2018-08,08,1,3,379,330,549,30389
2018-08,08,1,4,845,791,1208,5514
2018-08,08,1,5,536,524,896,33420
2018-08,08,2,1,1695,1695,2948,31997
2018-08,08,2,2,1272,1259,2031,32429
2018-08,08,2,3,409,204,635,29902
2018-08,08,2,4,824,823,1176,4889
2018-08,08,2,5,527,525,927,32311
2018-09,09,1,1,1664,1661,2488,30209
2018-09,09,1,2,1274,1268,1959,32001
2018-09,09,1,3,386,381,612,27001
2018-09,09,1,4,874,867,1213,4390
2018-09,09,1,5,540,506,1006,31801
2018-09,09,2,1,1664,1655,2059,28000
2018-09,09,2,2,1278,1269,1859,31307
2018-09,09,2,3,542,529,921,27104
2018-09,09,2,4,821,821,1098,4214
2018-09,09,2,5,530,519,928,32000
2018-10,10,1,1,1668,1665,2059,28457
2018-10,10,1,2,1271,1241,1886,31301
2018-10,10,1,3,342,340,522,28501
2018-10,10,1,4,827,809,1140,4109
2018-10,10,1,5,561,543,1066,32552
2018-10,10,2,1,1674,1672,1811,25556
2018-10,10,2,2,1273,1267,1856,31302
2018-10,10,2,3,350,349,470,29501
2018-10,10,2,4,819,819,1201,3951
2018-10,10,2,5,539,527,779,32900
2018-11,11,1,1,1819,1757,2849,28199
2018-11,11,1,2,1265,1262,2142,32302
2018-11,11,1,3,332,332,460,29501
2018-11,11,1,4,1121,1104,1543,2509
2018-11,11,1,5,557,544,862,32000
2018-11,11,2,1,1818,1744,2231,25000
2018-11,11,2,2,1241,1234,1786,31101
2018-11,11,2,3,331,327,580,27509
2018-11,11,2,4,1103,1093,1423,2989
2018-11,11,2,5,552,546,930,30959
2018-12,12,1,1,1878,1878,2177,23568
2018-12,12,1,2,1239,1230,1780,31001
2018-12,12,1,3,329,328,489,27009
2018-12,12,1,4,1121,1113,1483,3399
2018-12,12,1,5,552,546,1021,30851
2018-12,12,2,1,1890,1887,2729,25501
2018-12,12,2,2,1243,1235,1804,31001
2018-12,12,2,3,333,318,503,27001
2018-12,12,2,4,1114,1114,1375,3789
2018-12,12,2,5,545,545,778,31809
2019-01,01,1,1,1815,1804,2707,25920
2019-01,01,1,2,1245,1242,1818,32200
2019-01,01,1,3,330,308,472,27002
2019-01,01,1,4,1112,1103,1396,3610
2019-01,01,1,5,546,540,776,32909
2019-01,01,2,1,1818,1818,2864,26170
2019-01,01,2,2,1244,1230,2119,33989
2019-01,01,2,3,344,342,537,26230
2019-01,01,2,4,1104,1104,1473,2889
2019-01,01,2,5,540,530,797,33689
2019-02,02,1,1,1662,1653,2371,25689
2019-02,02,1,2,1202,1169,1937,34509
2019-02,02,1,3,326,324,466,26378
2019-02,02,1,4,834,834,1164,3709
2019-02,02,1,5,403,392,545,35310
2019-02,02,2,1,1650,1650,2261,26301
2019-02,02,2,2,1214,1213,1993,35403
2019-02,02,2,3,306,306,433,26914
2019-02,02,2,4,826,817,1100,3689
2019-02,02,2,5,407,407,658,36667
2019-03,03,1,1,1659,1653,2213,26309
2019-03,03,1,2,1233,1230,1903,36961
2019-03,03,1,3,306,301,443,27010
2019-03,03,1,4,825,822,1175,3602
2019-03,03,1,5,408,405,689,37620
2019-03,03,2,1,1650,1647,2204,26659
2019-03,03,2,2,1201,1195,1878,39401
2019-03,03,2,3,304,304,411,27021
2019-03,03,2,4,834,825,1039,3469
2019-03,03,2,5,397,396,730,41000
2019-04,04,1,1,1656,1650,2338,29159
2019-04,04,1,2,1202,1202,1782,43102
2019-04,04,1,3,309,304,431,27589
2019-04,04,1,4,829,803,1193,3501
2019-04,04,1,5,400,391,648,48209
2019-04,04,2,1,1653,1603,2249,33199
2019-04,04,2,2,1205,1181,1634,48000
2019-04,04,2,3,304,284,560,32001
2019-04,04,2,4,835,834,1129,3452
2019-04,04,2,5,398,391,667,52410
2019-05,05,1,1,1431,1431,1988,36704
2019-05,05,1,2,1139,1139,1360,48010
2019-05,05,1,3,394,394,610,28559
2019-05,05,1,4,923,896,1154,3352
2019-05,05,1,5,384,379,513,52502
2019-05,05,2,1,1475,1475,1799,27000
2019-05,05,2,2,1163,1161,1407,42564
2019-05,05,2,3,409,406,600,27400
2019-05,05,2,4,898,886,1193,3202
2019-05,05,2,5,382,375,626,47000
2019-06,06,1,1,1424,1417,1902,30009
2019-06,06,1,2,1139,1137,1346,39728
2019-06,06,1,3,389,389,535,25502
2019-06,06,1,4,925,920,1149,3090
2019-06,06,1,5,380,375,724,42002
2019-06,06,2,1,1424,1225,1742,26999
2019-06,06,2,2,1141,1137,1418,35906
2019-06,06,2,3,393,390,607,25501
2019-06,06,2,4,909,906,1187,3000
2019-06,06,2,5,381,380,536,39400
2019-07,07,1,1,1431,1428,1795,28589
2019-07,07,1,2,1141,1135,1390,34000
2019-07,07,1,3,390,382,649,25089
2019-07,07,1,4,902,890,1141,3081
2019-07,07,1,5,379,377,523,36901
2019-07,07,2,1,1623,1617,1902,26667
2019-07,07,2,2,1143,1140,1677,39406
2019-07,07,2,3,393,393,657,24599
2019-07,07,2,4,900,897,1193,3554
2019-07,07,2,5,375,367,751,39889
2019-08,08,1,1,1059,1059,2023,32725
2019-08,08,1,2,1047,1043,1487,40001
2019-08,08,1,3,292,273,492,27800
2019-08,08,1,4,751,751,1040,4400
2019-08,08,1,5,357,353,589,40512
2019-08,08,2,1,1062,1062,1725,31917
2019-08,08,2,2,1045,1043,1415,38602
2019-08,08,2,3,283,283,446,26501
2019-08,08,2,4,742,574,1010,4301
2019-08,08,2,5,363,353,593,40002
2019-09,09,1,1,1056,1056,1656,31783
2019-09,09,1,2,1046,1040,1289,36001
2019-09,09,1,3,302,299,446,25502
2019-09,09,1,4,739,712,1086,4089
2019-09,09,1,5,359,350,552,37912
2019-09,09,2,1,1056,1053,1453,31759
2019-09,09,2,2,1044,1042,1418,37000
2019-09,09,2,3,283,282,544,25556
2019-09,09,2,4,907,893,1197,3601
2019-09,09,2,5,365,350,632,40000
2019-10,10,1,1,1057,1033,1659,34001
2019-10,10,1,2,1048,1042,1559,41361
2019-10,10,1,3,286,286,522,26509
2019-10,10,1,4,765,763,1036,3800
2019-10,10,1,5,364,358,601,41001
2019-10,10,2,1,1060,1056,1467,32309
2019-10,10,2,2,1044,1037,1503,41805
2019-10,10,2,3,284,279,439,26001
2019-10,10,2,4,753,746,989,3889
2019-10,10,2,5,369,356,506,42020
2019-11,11,1,1,1043,1031,1302,30000
2019-11,11,1,2,1017,1016,1296,40009
2019-11,11,1,3,318,318,440,25392
2019-11,11,1,4,693,691,831,4100
2019-11,11,1,5,383,376,587,40101
2019-11,11,2,1,1023,1012,1468,32000
2019-11,11,2,2,1019,1016,1331,39700
2019-11,11,2,3,322,322,495,24502
2019-11,11,2,4,698,692,974,3921
2019-11,11,2,5,390,383,540,40889
2019-12,12,1,1,1030,1013,1386,33009
2019-12,12,1,2,1013,1003,1265,37900
2019-12,12,1,3,318,315,402,23704
2019-12,12,1,4,693,678,908,3789
2019-12,12,1,5,384,377,518,38889
2019-12,12,2,1,1029,1013,1256,32889
2019-12,12,2,2,1015,1015,1251,36000
2019-12,12,2,3,318,307,441,23200
2019-12,12,2,4,697,696,850,3658
2019-12,12,2,5,384,373,496,37989
2020-01,01,1,1,1035,1026,1450,35320
2020-01,01,1,2,1022,1021,1229,37109
2020-01,01,1,3,321,321,457,24402
2020-01,01,1,4,707,706,1084,3989
2020-01,01,1,5,384,377,541,38000
2020-01,01,2,1,1034,1025,1390,35010
2020-01,01,2,2,1012,1008,1157,37705
2020-01,01,2,3,329,292,504,25001
2020-01,01,2,4,693,693,936,4610
2020-01,01,2,5,388,388,528,37500
2020-02,02,1,1,982,977,1204,30010
2020-02,02,1,2,984,980,1173,30890
2020-02,02,1,3,314,314,504,25013
2020-02,02,1,4,578,562,821,4401
2020-02,02,1,5,335,330,525,34900
2020-02,02,2,1,982,973,1564,32999
2020-02,02,2,2,987,978,1459,32889
2020-02,02,2,3,352,219,561,25001
2020-02,02,2,4,577,574,729,4309
2020-02,02,2,5,328,324,550,33301
2020-03,03,1,1,978,973,1436,32699
2020-03,03,1,2,987,987,1347,32801
2020-03,03,1,3,315,315,504,24202
2020-03,03,1,4,593,587,785,4310
2020-03,03,1,5,333,331,512,32500
2020-03,03,2,1,982,962,1421,31210
2020-03,03,2,2,992,943,1366,30012
2020-03,03,2,3,448,448,708,22002
2020-03,03,2,4,581,576,757,4489
2020-03,03,2,5,331,324,503,32500
